"Fonte","Atividade","Valor"
"","Tabela 10287 (IBGE/SIDRA) — PNAD Contínua 2022",""
"Brasil","Total","2850.64"
"Brasil","1 Agricultura, pecuária, produção florestal, pesca e aquicultura","1846.32"
"Brasil","1.01 Agricultura, pecuária, caça e serviços relacionados","1902.37"
"Brasil","1.01.01101 Cultivo de arroz","2210.82"
"Brasil","1.01.01102 Cultivo de milho","1016.43"
"Brasil","1.01.01103 Cultivo de outros cereais","2650.84"
"Brasil","1.01.01104 Cultivo de algodão","2130.86"
"Brasil","1.01.01105 Cultivo de cana-de-açúcar","1866.00"
"Brasil","1.01.01106 Cultivo de fumo","2285.84"
"Brasil","1.01.01107 Cultivo de soja","3869.18"
"Brasil","1.01.01108 Cultivo de mandioca","753.83"
"Brasil","1.01.01109 Cultivo de outras lavouras temporárias não especificadas anteriormente","1031.73"
"Brasil","1.01.01110 Horticultura","1393.05"
"Brasil","1.01.01111 Cultivo de flores e plantas ornamentais","1940.28"
"Brasil","1.01.01112 Cultivo de frutas cítricas","1641.88"
"Brasil","1.01.01113 Cultivo de café","1686.16"
"Brasil","1.01.01114 Cultivo de cacau","1043.94"
"Brasil","1.01.01115 Cultivo de uva","1780.16"
"Brasil","1.01.01116 Cultivo de banana","1426.74"
"Brasil","1.01.01117 Cultivo de outras plantas e frutas de lavoura permanente não especiificadas anteriormente","1315.69"
"Brasil","1.01.01118 Produção de sementes e mudas certificadas","2571.07"
"Brasil","1.01.01119 Lavoura não especificada","1691.92"
"Brasil","1.01.01201 Criação de bovinos","2973.54"
"Brasil","1.01.01202 Criação de outros animais de grande porte não especificados anteriormente","1822.30"
"Brasil","1.01.01203 Criação de caprinos e ovinos","1361.48"
"Brasil","1.01.01204 Criação de suinos","3355.42"
"Brasil","1.01.01205 Criação de aves","2280.89"
"Brasil","1.01.01206 Apicultura","2049.31"
"Brasil","1.01.01207 Sericicultura","1857.66"
"Brasil","1.01.01208 Criação de outros animais não especificados anteriormente","2402.17"
"Brasil","1.01.01209 Pecuária não especificada","3193.98"
"Brasil","1.01.01401 Atividades de apoio à agricultura e pós-colheita","1365.21"
"Brasil","1.01.01402 Atividades de apoio à pecuária","1898.58"
"Brasil","1.01.01500 Caça e serviços relacionados","1528.95"
"Brasil","1.01.01999 Agropecuária","2693.72"
"Brasil","1.02 Produção florestal","1664.61"
"Brasil","1.02.02000 Produção florestal","1664.61"
"Brasil","1.03 Pesca e aquicultura","986.41"
"Brasil","1.03.03001 Pesca","908.58"
"Brasil","1.03.03002 Aquicultura","2297.08"
"Brasil","2 Indústrias extrativas","4585.85"
"Brasil","2.05 Extração de carvão mineral","2632.36"
"Brasil","2.05.05000 Extração de carvão mineral","2632.36"
"Brasil","2.06 Extração de petróleo e gás natural","8203.85"
"Brasil","2.06.06000 Extração de petróleo e gás natural","8203.85"
"Brasil","2.07 Extração de minerais metálicos","2855.49"
"Brasil","2.07.07001 Extração de minérios de metais preciosos","2410.88"
"Brasil","2.07.07002 Extração de minerais metálicos não especificados anteriormente","3647.20"
"Brasil","2.08 Extração de minerais não metálicos","3517.41"
"Brasil","2.08.08001 Extração de pedras, areia e argila","2101.05"
"Brasil","2.08.08002 Extração de gemas (pedras preciosas)","3511.64"
"Brasil","2.08.08009 Extração de minerais não metálicos não especificados anteriormente","4255.61"
"Brasil","2.08.08999 Extração de minerais não especificados","3340.76"
"Brasil","2.09 Atividades de apoio à extração de minerais","7438.19"
"Brasil","2.09.09000 Atividades de apoio à extração de minerais","7438.19"
"Brasil","3 Indústrias de transformação","2535.11"
"Brasil","3.10 Fabricação de produtos alimenticios e bebidas","2244.95"
"Brasil","3.10.10010 Abate e fabricação de produtos de carne e pescado","1991.87"
"Brasil","3.10.10021 Fabricação de conservas de frutas, legumes e outros vegetais","1774.22"
"Brasil","3.10.10022 Fabricação de óleos vegetais e gorduras vegetais e animais","2577.20"
"Brasil","3.10.10030 Laticínios","2333.64"
"Brasil","3.10.10091 Moagem, fabricação de produtos amiláceos e de alimentos para animais","2128.61"
"Brasil","3.10.10092 Fabricação e refino do açúcar","2187.14"
"Brasil","3.10.10093 Torrefação e moagem de café","2669.73"
"Brasil","3.10.10099 Fabricação de outros produtos alimentícios","2162.74"
"Brasil","3.10.10999 Fabricação de produtos alimentícios não especificados","2911.10"
"Brasil","3.11 Fabricação de bebidas","3032.26"
"Brasil","3.11.11000 Fabricação de bebidas","3032.26"
"Brasil","3.12 Fabricação de produtos do fumo","2342.22"
"Brasil","3.12.12000 Processamento industrial e fabricação de produtos do fumo","2342.22"
"Brasil","3.13 Fabricação de produtos têxteis","2008.86"
"Brasil","3.13.13001 Preparação de fibras, fiação e tecelagem","1809.07"
"Brasil","3.13.13002 Fabricação de artefatos têxteis, exceto vestuário","1483.68"
"Brasil","3.13.13999 Indústria têxtil - atividades não especificadas","2726.13"
"Brasil","3.14 Confecção de artigos do vestuário e acessórios","1611.59"
"Brasil","3.14.14001 Confecção de artigos do vestuário e acessórios, exceto sob medida","1628.19"
"Brasil","3.14.14002 Confecção, sob medida, de artigos do vestuário","1469.32"
"Brasil","3.14.14999 Confecção de artigos do vestuário e acessórios, sob medida ou não","1617.03"
"Brasil","3.15 Preparação de couros e fabricação de artefatos de couro, artigos de viagem e calçados","1839.21"
"Brasil","3.15.15011 Curtimento e outras preparações de couro","2239.81"
"Brasil","3.15.15012 Fabricação de artigos de viagem e de artefatos diversos de couro","2130.33"
"Brasil","3.15.15020 Fabricação de calçados e partes para calçados, de qualquer material","1784.14"
"Brasil","3.16 Fabricação de produtos de madeira","1956.23"
"Brasil","3.16.16001 Serrarias","1929.39"
"Brasil","3.16.16002 Fabricação de produtos de madeira, cortiça e material trançado, exceto móveis","1977.63"
"Brasil","3.17 Fabricação de celulose, papel e produtos de papel","3420.40"
"Brasil","3.17.17001 Fabricação de celulose, papel, cartolina e papel-cartão","3946.75"
"Brasil","3.17.17002 Fabricação de embalagens e de produtos diversos de papel, cartolina, papel-cartão e papelão ondulado","2478.26"
"Brasil","3.17.17999 Fabricação de papel e artefatos - atividades não especificadas","2313.58"
"Brasil","3.18 Impressão e reprodução de gravações","2650.79"
"Brasil","3.18.18000 Impressão e reprodução de gravações","2650.79"
"Brasil","3.19 Fabricação de coque; produtos derivados de petróleo e de biocombustíveis","4250.57"
"Brasil","3.19.19010 Coquerias","9113.13"
"Brasil","3.19.19020 Fabricação de produtos derivados do petróleo","6407.27"
"Brasil","3.19.19030 Produção de biocombustíveis","3033.51"
"Brasil","3.20 Fabricação de produtos químicos","4092.28"
"Brasil","3.20.20010 Fabricação de tintas, vernizes, esmaltes, lacas e produtos afins","3337.00"
"Brasil","3.20.20020 Fabricação de sabões, detergentes, produtos de limpeza, cosméticos, produtos de perfumaria e de higiene pessoal","2951.65"
"Brasil","3.20.20090 Fabricação de outros produtos químicos não especificados anteriormente","4680.04"
"Brasil","3.20.20999 Indústria química - atividades não especificadas","4356.43"
"Brasil","3.21 Fabricação de produtos farmoquímicos e farmacêuticos","5071.52"
"Brasil","3.21.21000 Fabricação de produtos farmoquímicos e farmacêuticos","5071.52"
"Brasil","3.22 Fabricação de produtos de borracha e de material plástico","2941.40"
"Brasil","3.22.22010 Fabricação de produtos de borracha","3069.46"
"Brasil","3.22.22020 Fabricação de produtos de material plástico","2890.85"
"Brasil","3.23 Fabricação de produtos de minerais não metálicos","2402.95"
"Brasil","3.23.23010 Fabricação de vidro e produtos de vidro","2752.49"
"Brasil","3.23.23091 Fabricação de produtos cerâmicos","2230.94"
"Brasil","3.23.23099 Fabricação de outros produtos de minerais não metálicos não especificados anteriormente","2481.42"
"Brasil","3.24 Metalurgia","3276.22"
"Brasil","3.24.24001 Fabricação de produtos siderúrgicos","3730.45"
"Brasil","3.24.24002 Metalurgia dos metais não ferrosos","3650.02"
"Brasil","3.24.24003 Fundição","2849.63"
"Brasil","3.24.24999 Fabricação de produtos de metalurgia não especificados","2876.89"
"Brasil","3.25 Fabricação de produtos de metal, exceto máquinas e equipamentos","2757.85"
"Brasil","3.25.25001 Fabricação de produtos de metal, exceto máquinas e equipamentos","2817.04"
"Brasil","3.25.25002 Forjaria, estamparia, metalurgia do pó e serviços de tratamento de metais","2511.80"
"Brasil","3.26 Fabricação de equipamentos de informática, produtos eletrônicos e ópticos","2610.64"
"Brasil","3.26.26010 Fabricação de componentes eletrônicos","3095.62"
"Brasil","3.26.26020 Fabricação de equipamentos de informática e periféricos","4426.67"
"Brasil","3.26.26030 Fabricação de equipamentos de comunicação e de aparelhos de recepção, reprodução, gravação e amplificação de áudio e vídeo","1892.09"
"Brasil","3.26.26041 Fabricação de aparelhos e instrumentos de medida, teste e controle; cronômetros e relógios e de aparelhos eletromédicos e eletroterapêuticos","5046.02"
"Brasil","3.26.26042 Fabricação de equipamentos e instrumentos ópticos, fotográficos e cinematográficos e de mídias virgens, magnéticas e ópticas","3033.84"
"Brasil","3.26.26999 Fabricação de produtos eletrônicos não especificados","3592.79"
"Brasil","3.27 Fabricação de máquinas, aparelhos e materiais elétricos","3042.73"
"Brasil","3.27.27010 Fabricação de eletrodomésticos","2976.04"
"Brasil","3.27.27090 Fabricação de máquinas, aparelhos e materiais elétricos diversos, exceto eletrodomésticos","3046.88"
"Brasil","3.27.27999 Fabricação de produtos elétricos não especificados","3381.96"
"Brasil","3.28 Fabricação de máquinas e equipamentos","3659.17"
"Brasil","3.28.28000 Fabricação de máquinas e equipamentos","3659.17"
"Brasil","3.29 Fabricação de veículos automotores, reboques e carrocerias","3693.34"
"Brasil","3.29.29001 Fabricação e montagem de veículos automotores","4150.25"
"Brasil","3.29.29002 Fabricação de cabines, carrocerias, reboques e peças para veículos automotores","2800.43"
"Brasil","3.29.29003 Reconstrução, em fábrica, de motores de veículos automotores","1751.60"
"Brasil","3.30 Fabricação de outros equipamentos de transporte, exceto veículos automotores","3841.60"
"Brasil","3.30.30010 Construção de embarcações","3534.27"
"Brasil","3.30.30020 Fabricação de veículos ferroviários","4384.98"
"Brasil","3.30.30030 Fabricação de aeronaves","5923.30"
"Brasil","3.30.30090 Fabricação de outros equipamentos de transporte não especificados anteriormente","2313.05"
"Brasil","3.30.30999 Fabricação de equipamentos de transporte não especificados","3256.33"
"Brasil","3.31 Fabricação de móveis","2410.64"
"Brasil","3.31.31000 Fabricação de móveis","2410.64"
"Brasil","3.32 Fabricação de produtos diversos","2663.44"
"Brasil","3.32.32001 Fabricação de artigos de joalheria, bijuteria e semelhantes","2437.33"
"Brasil","3.32.32002 Fabricação de instrumentos musicais","2881.52"
"Brasil","3.32.32003 Fabricação de artefatos para pesca e esporte e de brinquedos e jogos recreativos","1996.42"
"Brasil","3.32.32009 Fabricação de produtos diversos","3414.38"
"Brasil","3.32.32991 Usina de açúcar e álcool","2663.59"
"Brasil","3.32.32998 Artesanato não especificado","1307.44"
"Brasil","3.32.32999 Fabricação de produtos industriais não especificados","2703.70"
"Brasil","3.33 Manutenção, reparação e instalação de máquinas e equipamentos","2855.33"
"Brasil","3.33.33001 Manutenção e reparação de máquinas e equipamentos","3178.74"
"Brasil","3.33.33002 Instalação de máquinas e equipamentos","2249.56"
"Brasil","4 Eletricidade e gás","4381.86"
"Brasil","4.35 Eletricidade, gás e outras utilidades","4381.86"
"Brasil","4.35.35010 Geração, transmissão e distribuição de energia elétrica","4403.02"
"Brasil","4.35.35021 Produção e distribuição de combustíveis gasosos por redes urbanas","4511.59"
"Brasil","4.35.35022 Produção e distribuição de vapor, água quente e ar condicionado","894.71"
"Brasil","5 Água, esgoto, atividades de gestão de resíduos e descontaminação","1884.56"
"Brasil","5.36 Captação, tratamento e distribuição de água","3315.08"
"Brasil","5.36.36000 Captação, tratamento e distribuição de água","3315.08"
"Brasil","5.37 Esgoto e atividades relacionadas","2655.92"
"Brasil","5.37.37000 Esgoto e atividades relacionadas","2655.92"
"Brasil","5.38 Coleta, tratamento e disposição de resíduos; recuperação de materiais","1510.86"
"Brasil","5.38.38000 Coleta, tratamento e disposição de resíduos; recuperação de materiais","1510.86"
"Brasil","5.39 Descontaminação e outros serviços de gestão de resíduos","3533.86"
"Brasil","5.39.39000 Descontaminação e outros serviços de gestão de resíduos","3533.86"
"Brasil","6 Construção","2119.06"
"Brasil","6.41 Construção e incorporação de edifícios","1650.81"
"Brasil","6.41.41000 Construção de edifícios","1650.81"
"Brasil","6.42 Obras de infraestrutura","2793.84"
"Brasil","6.42.42000 Construção de obras de infraestrutura","2793.84"
"Brasil","6.43 Serviços especializados para construção","2442.41"
"Brasil","6.43.43000 Serviços especializados para construção","2199.84"
"Brasil","6.43.43999 Atividades de construção não especificadas","2683.41"
"Brasil","7 Comércio, reparação de veículos automotores e motocicletas","2462.85"
"Brasil","7.45 Comércio e reparação de veículos automotores e motocicletas","2474.00"
"Brasil","7.45.45010 Comércio de veículos automotores","4038.05"
"Brasil","7.45.45020 Manutenção e reparação de veículos automotores","2206.45"
"Brasil","7.45.45030 Comércio de peças e acessórios para veículos automotores","3325.33"
"Brasil","7.45.45040 Comércio, manutenção e reparação de motocicletas, peças e acessórios","2190.82"
"Brasil","7.48 Comércio, exceto de veiculos automotores e motocicletas","2460.86"
"Brasil","7.48.48010 Representantes comerciais e agentes do comércio, exceto de veículos automotores e motocicletas","5757.18"
"Brasil","7.48.48020 Comércio de matérias-primas agrícolas e animais vivos","4100.00"
"Brasil","7.48.48030 Comércio de produtos alimentícios, bebidas e fumo","2095.67"
"Brasil","7.48.48041 Comércio de tecidos, artefatos de tecidos e armarinho","2423.03"
"Brasil","7.48.48042 Comércio de artigos do vestuário, complementos, calçados e artigos de viagem","2250.54"
"Brasil","7.48.48050 Comércio de madeira, material de construção, ferragens e ferramentas","2687.01"
"Brasil","7.48.48060 Comércio de combustíveis para veículos automotores","2131.39"
"Brasil","7.48.48071 Comércio de produtos farmacêuticos, médicos, ortopédicos, odontológicos e de cosméticos e perfumaria","2539.36"
"Brasil","7.48.48072 Comércio de artigos de escritório e de papelaria; livros, jornais e outras publicações","2502.11"
"Brasil","7.48.48073 Comércio de eletrodomésticos, móveis e outros artigos de residência","2718.38"
"Brasil","7.48.48074 Comércio de equipamentos e produtos de tecnologias de informação e comunicação","3164.52"
"Brasil","7.48.48075 Comércio de máquinas, aparelhos e equipamentos, exceto eletrodomésticos","4268.99"
"Brasil","7.48.48076 Comércio de combustíveis sólidos, líquidos e gasosos, exceto para veículos automotores","3299.86"
"Brasil","7.48.48077 Comércio de produtos usados","1809.69"
"Brasil","7.48.48078 Comércio de resíduos e sucatas","2378.77"
"Brasil","7.48.48079 Comércio de produtos novos não especificados anteriormente","2847.13"
"Brasil","7.48.48080 Supermercado e hipermercado","1777.86"
"Brasil","7.48.48090 Lojas de departamento e outros comércios não especializados, sem predominância de produtos alimentícios","2053.01"
"Brasil","7.48.48100 Comércio ambulante e feiras","1657.41"
"Brasil","7.48.48999 Atividades de comércio não especificadas","2642.35"
"Brasil","8 Transporte, armazenagem e correio","2597.71"
"Brasil","8.49 Transporte terrestre","2606.56"
"Brasil","8.49.49010 Transporte ferroviário e metroferroviário","3677.78"
"Brasil","8.49.49030 Transporte rodoviário de passageiros","2306.77"
"Brasil","8.49.49040 Transporte rodoviário de carga","2923.32"
"Brasil","8.49.49090 Outros transportes terrestres","3813.67"
"Brasil","8.49.49999 Atividades de transporte não especificadas","3397.02"
"Brasil","8.50 Transporte aquaviário","4082.68"
"Brasil","8.50.50000 Transporte aquaviário","4082.68"
"Brasil","8.51 Transporte aéreo","6531.45"
"Brasil","8.51.51000 Transporte aéreo","6531.45"
"Brasil","8.52 Armazenamento e atividades auxiliares dos transportes","2696.66"
"Brasil","8.52.52010 Armazenamento, carga e descarga","1819.39"
"Brasil","8.52.52020 Atividades auxiliares dos transportes e atividades relacionadas à organização do transporte de carga","3026.95"
"Brasil","8.53 Correio e outras atividades de entrega","1964.53"
"Brasil","8.53.53001 Atividades de correio","3181.75"
"Brasil","8.53.53002 Atividades de malote e de entrega","1754.85"
"Brasil","9 Alojamento e alimentação","1938.60"
"Brasil","9.55 Alojamento","2266.13"
"Brasil","9.55.55000 Alojamento","2266.13"
"Brasil","9.56 Alimentação","1908.72"
"Brasil","9.56.56011 Restaurantes e outros estabelecimentos de serviços de alimentação e bebidas","1950.84"
"Brasil","9.56.56012 Serviços de catering, bufê e outros Serviços de comida preparada","1544.09"
"Brasil","9.56.56020 Serviços ambulantes de alimentação","1264.15"
"Brasil","9.56.56999 Atividades de alimentação não especificadas","2131.73"
"Brasil","10 Informação e comunicação","5061.38"
"Brasil","10.58 Edição e edição integrada à de impressão","4664.37"
"Brasil","10.58.58000 Edição e edição integrada à impressão","4664.37"
"Brasil","10.59 Atividades cinematográficas, produção de vídeos e de programas de televisão; gravação de som e de música","4482.37"
"Brasil","10.59.59000 Atividades cinematográficas, produção de vídeos e de programas de televisão, gravação de som e de música","4482.37"
"Brasil","10.60 Atividades de rádio e de televisão","4039.54"
"Brasil","10.60.60001 Atividades de rádio","3171.88"
"Brasil","10.60.60002 Atividades de televisão","5408.48"
"Brasil","10.61 Telecomunicações","3314.47"
"Brasil","10.61.61000 Telecomunicações","3314.47"
"Brasil","10.62 Atividades dos serviços de tecnologia da informação","5940.98"
"Brasil","10.62.62000 Atividades dos serviços de tecnologia da informação","5940.98"
"Brasil","10.63 Atividades de prestação de serviços de informação","4807.00"
"Brasil","10.63.63000 Atividades de prestação de serviços de informação","4807.00"
"Brasil","11 Atividades financeiras, de seguros e serviços relacionados","6118.26"
"Brasil","11.64 Atividades de serviços financeiros","6381.96"
"Brasil","11.64.64000 Serviços financeiros","6381.96"
"Brasil","11.65 Seguros, resseguros, previdência complementar e planos de saúde","4758.46"
"Brasil","11.65.65000 Seguros e previdência privada","4758.46"
"Brasil","11.66 Atividades auxiliares dos serviços financeiros, seguros, previdência complementar e planos de saúde","5937.88"
"Brasil","11.66.66001 Atividades auxiliares dos serviços financeiros","7347.23"
"Brasil","11.66.66002 Atividades auxiliares dos seguros, da previdência complementar e dos planos de saúde","5043.17"
"Brasil","12 Atividades imobiliárias","4648.19"
"Brasil","12.68 Atividades imobiliárias","4648.19"
"Brasil","12.68.68000 Atividades imobiliárias","4648.19"
"Brasil","13 Atividades profissionais, científicas e técnicas","5466.32"
"Brasil","13.69 Atividades jurídicas, de contabilidade e de auditoria","5866.93"
"Brasil","13.69.69000 Atividades jurídicas, de contabilidade e de auditoria","5866.93"
"Brasil","13.70 Atividades de consultoria em gestão empresarial","7027.56"
"Brasil","13.70.70000 Atividades de consultoria em gestão empresarial","7027.56"
"Brasil","13.71 Serviços de arquitetura e engenharia; testes e análises técnicas","5855.57"
"Brasil","13.71.71000 Serviços de arquitetura e engenharia e atividades técnicas relacionadas; testes e análises técnicas","5855.57"
"Brasil","13.72 Pesquisa e desenvolvimento científico","5368.13"
"Brasil","13.72.72000 Pesquisa e desenvolvimento científico","5368.13"
"Brasil","13.73 Publicidade e pesquisas de mercado","4923.33"
"Brasil","13.73.73010 Publicidade","4927.90"
"Brasil","13.73.73020 Pesquisas de mercado e opinião pública","4776.41"
"Brasil","13.74 Outras atividades profissionais, científicas e técnicas","3938.84"
"Brasil","13.74.74000 Outras atividades profissionais, científicas e técnicas não especificadas anteriormente","3938.84"
"Brasil","13.75 Atividades veterinárias","4418.18"
"Brasil","13.75.75000 Atividades veterinárias","4418.18"
"Brasil","14 Atividades administrativas e serviços complementares","1855.68"
"Brasil","14.77 Aluguéis não imobiliários e gestão de ativos intangíveis não financeiros","3723.33"
"Brasil","14.77.77010 Aluguel de objetos pessoais e domésticos","3174.81"
"Brasil","14.77.77020 Aluguel de meios de transportes, maquinas e equipamentos sem operador e gestão de ativos intangíveis não financeiros","3916.09"
"Brasil","14.78 Seleção, agenciamento e locação de mão-de-obra","3171.54"
"Brasil","14.78.78000 Seleção, agenciamento e locação de mão-de-obra","3171.54"
"Brasil","14.79 Agências de viagens, operadores turísticos e serviços de reservas","3662.67"
"Brasil","14.79.79000 Agências de viagens, operadores turísticos e serviços de reservas","3662.67"
"Brasil","14.80 Atividades de vigilância, segurança e investigação","2124.39"
"Brasil","14.80.80000 Atividades de vigilância, segurança, transporte de valores e investigação","2124.39"
"Brasil","14.81 Serviços para edificios e atividades paisagisticas","1530.85"
"Brasil","14.81.81011 Serviços de limpeza e de apoio a edifícios, exceto condomínios prediais","1458.13"
"Brasil","14.81.81012 Condomínios prediais","1906.89"
"Brasil","14.81.81020 Atividades paisagísticas","1737.91"
"Brasil","14.82 Serviços de escritório, de apoio administrativo e outros serviços prestados a empresas","2006.15"
"Brasil","14.82.82001 Serviços de escritório e apoio administrativo","2144.07"
"Brasil","14.82.82002 Atividades de teleatendimento","1550.04"
"Brasil","14.82.82003 Atividades de organização de eventos, exceto culturais e esportivos","1980.09"
"Brasil","14.82.82009 Outras atividades de serviços prestados principalmente às empresas","2358.64"
"Brasil","15 Administração pública, defesa e seguridade social","4928.55"
"Brasil","15.84 Administração pública, defesa e seguridade social","4928.55"
"Brasil","15.84.84011 Administração publica e regulação da política econômica e social - federal","6777.17"
"Brasil","15.84.84012 Administração publica e regulação da política econômica e social - estadual","5673.40"
"Brasil","15.84.84013 Administração publica e regulação da política econômica e social - municipal","2981.83"
"Brasil","15.84.84014 Defesa","5277.38"
"Brasil","15.84.84015 Outros serviços coletivos prestados pela administração pública - federal","8673.62"
"Brasil","15.84.84016 Outros serviços coletivos prestados pela administração pública - estadual","6385.53"
"Brasil","15.84.84017 Outros serviços coletivos prestados pela administração pública - municipal","3323.46"
"Brasil","15.84.84020 Seguridade social obrigatória","6175.35"
"Brasil","15.84.84997 Legislativo, esfera não especificada","4859.64"
"Brasil","15.84.84998 Tribunal de contas, esfera não especificada","5210.34"
"Brasil","15.84.84999 Administração pública - esfera não especificada","4655.35"
"Brasil","16 Educação","3424.61"
"Brasil","16.85 Educação","3424.61"
"Brasil","16.85.85011 Creche","2034.06"
"Brasil","16.85.85012 Pré-escola e ensino fundamental","3694.56"
"Brasil","16.85.85013 Ensino médio","3887.35"
"Brasil","16.85.85014 Educação superior","6822.18"
"Brasil","16.85.85021 Serviços auxiliares à educação","3739.15"
"Brasil","16.85.85029 Outras atividades de ensino","3112.83"
"Brasil","16.85.85999 Atividades de educação não especificadas","2992.42"
"Brasil","17 Saúde humana e serviços sociais","4225.03"
"Brasil","17.86 Atividades de atenção à saúde humana","4501.50"
"Brasil","17.86.86001 Atividades de atendimento hospitalar","4113.19"
"Brasil","17.86.86002 Atividades de atenção ambulatorial executadas por médicos e odontólogos","4621.32"
"Brasil","17.86.86003 Atividades de serviços de complementação diagnóstica e terapêutica","3394.40"
"Brasil","17.86.86004 Atividades de profissionais da área de saúde, exceto médicos e odontólogos","3622.55"
"Brasil","17.86.86009 Atividades de atenção à saúde humana não especificadas anteriormente","3059.95"
"Brasil","17.86.86999 Atividades de saúde não especificadas","5651.29"
"Brasil","17.87 Atividades de atenção à saúde humana integradas com assistência social, inclusive prestadas em residências coletivas e particulares","1988.08"
"Brasil","17.87.87000 Atividades de assistência à saúde humana integradas com assistência social, inclusive prestadas em residencias","1988.08"
"Brasil","17.88 Serviços de assistência social sem alojamento","2539.88"
"Brasil","17.88.88000 Serviços de assistência social sem alojamento","2539.88"
"Brasil","18 Artes, cultura, esporte e recreação","3106.95"
"Brasil","18.90 Atividades artísticas, criativas e de espetáculos","3421.81"
"Brasil","18.90.90000 Atividades artísticas, criativas e de espetáculos","3421.81"
"Brasil","18.91 Atividades ligadas ao patrimônio cultural e ambiental","3339.55"
"Brasil","18.91.91000 Atividades ligadas ao patrimônio cultural e ambiental","3339.55"
"Brasil","18.92 Atividades de exploração de jogos de azar e apostas","1471.59"
"Brasil","18.92.92000 Atividades de exploração de jogos de azar e apostas","1471.59"
"Brasil","18.93 Atividades esportivas e de recreação e lazer","2949.76"
"Brasil","18.93.93011 Atividades esportivas","3230.51"
"Brasil","18.93.93012 Atividades de condicionamento físico","2913.74"
"Brasil","18.93.93020 Atividades de recreação e lazer","2500.65"
"Brasil","19 Outras atividades de serviços","1915.77"
"Brasil","19.94 Atividades de organizações associativas","2999.36"
"Brasil","19.94.94010 Atividades de organizações associativas patronais, empresariais e profissionais","3971.55"
"Brasil","19.94.94020 Atividades de organizações sindicais","2838.60"
"Brasil","19.94.94091 Atividades de organizações religiosas e filosóficas","2824.87"
"Brasil","19.94.94099 Outras atividades associativas não especificadas anteriormente","3176.87"
"Brasil","19.95 Reparação e manutenção de equipamentos de informatica e comunicação e de objetos pessoais e domésticos","2106.25"
"Brasil","19.95.95010 Reparação e manutenção de equipamentos de informática e comunicação","2325.27"
"Brasil","19.95.95030 Reparação e manutenção de objetos e equipamentos pessoais e domésticos","2056.77"
"Brasil","19.96 Outras atividades de serviços pessoais","1763.73"
"Brasil","19.96.96010 Lavanderias, tinturarias e toalheiros","1849.22"
"Brasil","19.96.96020 Cabeleireiros e outras atividades de tratamento de beleza","1620.50"
"Brasil","19.96.96030 Atividades funerárias e serviços relacionados","2198.96"
"Brasil","19.96.96090 Outras atividades de serviços pessoais","2183.34"
"Brasil","20 Serviços domésticos","1059.57"
"Brasil","20.97 Serviços domésticos","1059.57"
"Brasil","20.97.97000 Serviços domésticos","1059.57"
"Brasil","21 Organismos internacionais e outras instituições extraterritoriais","9086.75"
"Brasil","21.99 Organismos internacionais e outras instituições extraterritoriais","9086.75"
"Brasil","21.99.99000 Organismos internacionais e outras instituições extraterritoriais","9086.75"
"Brasil","22 Atividades maldefinidas","3320.87"
"Brasil","22.00 Atividades maldefinidas","3320.87"
"Brasil","22.00.00000 Atividades maldefinidas","3395.54"
"Brasil","22.00.00999 Serviços gerais, biscate - atividades não especificadas","1269.73"
